,id,password,last_login,is_superuser,first_name,last_name,email,is_staff,is_active,date_joined,username
0,1,pbkdf2_sha256$36000$KD25QEF8bKpo$Xkk3q8f86OV646eoVd8B9JSPWaLJldg8IjL1aIMTOl0=,2017-10-31 09:56:24.239802,True,,,,True,True,2017-10-31 09:24:10.079431,ggg
1,2,Eos harum explicabo soluta. Sint mollitia perspiciatis velit sequi consequatur.,1971-07-20 18:13:23.000000,True,Kelly,Gonzalez,wclements@yahoo.com,False,True,1974-03-15 13:13:54.000000,denise40
2,3,Atque hic facere voluptates amet. Ex error iusto dicta quibusdam blanditiis quam.,1970-02-07 12:42:36.000000,True,Gregory,Hardy,ayalacrystal@martin-smith.net,False,False,2008-03-05 13:25:32.000000,hannah55
3,4,Mollitia est nisi dignissimos. Distinctio similique quos expedita similique similique.,1998-09-14 05:59:36.000000,True,Michelle,Jensen,acochran@johnson.com,True,False,2017-04-10 19:12:24.000000,dbaker
4,5,Dolore odio quas accusamus fugiat. Placeat corporis id facilis. Rerum architecto iure harum.,2000-01-11 12:27:09.000000,False,Steven,Davis,kristin22@phillips.biz,False,False,1975-01-15 08:02:34.000000,youngnatasha
5,6,Totam quia quod debitis. Eligendi dolore iusto impedit quisquam soluta doloribus. Ea nihil deleniti.,2008-04-06 09:31:14.000000,False,Stephen,Rosales,leslie37@tucker.net,True,False,2003-04-09 11:23:15.000000,bentleyalex
6,7,At a iste molestias vitae praesentium adipisci tempora. Est officia ex alias temporibus consequuntur ratione.,1993-04-06 14:31:29.000000,True,Cameron,Black,ryankim@hunt.info,False,True,2012-10-07 23:42:19.000000,rachelerickson
7,8,Eligendi totam facilis est laborum sint placeat. Enim facere consectetur. Possimus fuga in atque accusantium error.,1997-08-28 05:01:12.000000,False,Diane,Harris,carol21@hotmail.com,True,True,2000-02-14 01:39:45.000000,omorris
8,9,"Dolore tempore ratione similique. Iure velit rem rerum.
Ut dolore ex distinctio a quam. Nemo quis itaque illo illo soluta.",1998-01-21 03:43:51.000000,False,Haley,Alvarez,hdavis@gmail.com,False,False,1976-06-06 13:16:09.000000,vflores
9,10,Animi illo reiciendis velit. Beatae quo error dicta pariatur. Vero accusantium suscipit inventore repellat.,2008-11-19 17:23:00.000000,True,Phillip,Baker,russell63@yahoo.com,False,False,2010-08-19 23:13:50.000000,gonzalesryan
10,11,Nihil quisquam non veritatis. Debitis amet asperiores adipisci.,1997-04-23 16:59:35.000000,True,Robin,Williamson,nicholestewart@griffin.com,True,True,2015-12-20 00:21:58.000000,manuelmiller
11,12,Veniam iure consequatur quibusdam quam nam. Impedit ipsum perspiciatis blanditiis ipsa occaecati earum.,1974-06-28 04:29:08.000000,True,Aimee,Potter,milesallison@hotmail.com,False,False,2013-02-25 05:32:14.000000,vwilkerson
12,13,Sequi vero suscipit. Soluta neque optio error dignissimos molestiae.,1986-02-10 01:04:09.000000,False,Ashley,Fowler,micheleroman@gmail.com,True,True,2006-04-25 02:10:18.000000,orogers
13,14,Sint praesentium nisi temporibus accusantium. Suscipit quisquam maxime consequatur quam nostrum.,2000-04-30 00:32:42.000000,False,Timothy,Perry,wendy08@gmail.com,True,True,2014-03-20 13:00:41.000000,travis03
14,15,Natus commodi velit cum esse occaecati quae vitae.,1986-02-11 10:31:25.000000,False,Haley,Collier,christinakelley@yahoo.com,True,True,1986-09-04 15:46:12.000000,victor33
15,16,Accusantium impedit illo labore officiis officia. Vero non hic saepe odit. Autem at ratione iure blanditiis eligendi non sunt.,1981-11-16 19:00:31.000000,False,Pamela,Garcia,craigburgess@blackwell.com,True,True,2016-07-20 22:15:37.000000,steven90
16,17,Mollitia aut libero voluptates itaque. Quasi aliquam asperiores fugit adipisci labore aspernatur.,2016-12-21 20:36:29.000000,True,Jacqueline,Macias,nwest@armstrong-watts.net,False,False,1991-08-20 06:23:08.000000,leegabriela
17,18,Error aliquid mollitia quos libero corrupti. Cum cum aperiam itaque possimus rerum. Neque voluptatibus doloribus.,1980-06-02 18:58:10.000000,True,Alison,Shea,xroberts@blake.net,False,False,1995-02-17 18:22:39.000000,stanleyjensen
18,19,Dolor cum perspiciatis sapiente. Eaque veritatis eaque cupiditate nam fugiat consequatur.,1993-11-27 05:49:57.000000,False,Patricia,Hall,ureed@gmail.com,False,True,1972-12-13 00:28:26.000000,campbellashley
19,20,Perferendis nesciunt facilis perspiciatis molestias nobis. Debitis eveniet enim. Quasi quam occaecati expedita.,2002-12-15 21:10:48.000000,False,Dawn,Macias,walvarez@hotmail.com,False,True,1991-05-16 07:58:20.000000,hmoore
20,21,Quis tenetur pariatur impedit alias cupiditate. Fugit cum voluptatum saepe deserunt quam quia.,1993-12-05 05:21:28.000000,False,Zachary,Harper,brianwheeler@cervantes-mcdaniel.com,False,True,1981-06-30 09:18:36.000000,smithphillip
21,22,Dolores similique quos voluptas inventore voluptates animi. Id aliquam ullam asperiores corrupti dolorum.,1991-10-16 21:12:44.000000,False,Jacob,Gray,dscott@wade.com,False,True,2002-05-11 21:35:53.000000,butlerjason
22,23,Nulla praesentium similique. Doloremque optio error debitis animi temporibus commodi.,1998-12-08 14:03:37.000000,True,James,Palmer,morsekirk@morris-steele.com,True,False,1976-09-19 09:58:31.000000,rrussell
23,24,Assumenda enim repudiandae accusantium. Voluptatem quos excepturi porro dicta repellendus magnam. Porro incidunt numquam.,1989-10-03 08:21:42.000000,True,Jeffrey,Becker,jennifersellers@gmail.com,True,False,1995-06-30 01:48:44.000000,huntermartinez
24,25,Expedita non repellat at. Rem veritatis laborum deleniti sint dolores. Sed saepe atque fugit quae.,2011-05-09 00:19:55.000000,True,Amanda,Reid,edwardsjoseph@hotmail.com,True,False,2014-05-28 08:28:16.000000,creeves
25,26,Reprehenderit in sapiente. Suscipit quaerat nobis iure tempora minima.,1976-01-14 18:10:51.000000,False,Tiffany,Roth,cynthia59@yahoo.com,False,True,1972-09-19 03:47:21.000000,vevans
26,27,"Omnis sapiente commodi aliquam sed facere magnam. Vitae fuga quasi ut eius optio.
Placeat ipsam doloribus pariatur corporis.",2017-04-29 12:41:24.000000,False,John,Kelley,anthony89@yahoo.com,True,True,1970-09-02 17:43:25.000000,jamesjohnson
27,28,Modi voluptatibus nobis nulla laudantium quas assumenda.,2012-01-21 18:16:32.000000,False,Ricky,Sharp,daughertykimberly@gmail.com,True,True,1974-09-12 20:01:56.000000,charlesrobles
28,29,Ex aspernatur ipsum neque ab impedit quo. Corporis deserunt itaque quas neque deserunt delectus.,1995-07-16 15:26:36.000000,False,Gail,Tran,xharris@gmail.com,False,False,2006-02-17 17:03:50.000000,monroescott
29,30,Atque possimus reiciendis hic nam. Molestias explicabo repudiandae. Maxime quasi corrupti repellat aperiam architecto sapiente.,1976-09-09 04:51:36.000000,False,Alisha,Walker,andrew83@turner-gray.com,False,False,1974-06-25 02:26:27.000000,samuel44
30,31,Vero excepturi atque placeat. Ipsa excepturi non dolor deserunt enim nam. Ab quos nam laudantium unde.,2016-09-22 21:55:22.000000,True,Mark,Hall,eric45@douglas-hood.com,False,True,2016-02-26 05:28:35.000000,janicemiller
31,32,Iste sit porro ratione adipisci possimus sed. Sapiente hic esse velit perspiciatis pariatur est. Eum expedita ea.,2017-09-16 21:11:26.000000,True,James,Garcia,alexiscurry@yahoo.com,False,True,2000-05-17 23:00:34.000000,ppeck
32,33,Voluptatem reprehenderit quia architecto impedit ab iste. Itaque quisquam itaque quas necessitatibus placeat.,2003-01-04 18:45:40.000000,True,Brian,Santiago,skinnerruth@taylor.com,True,False,1995-10-15 23:36:28.000000,qmitchell
33,34,Veritatis soluta odit natus. Quod sunt a expedita voluptatem.,1987-05-06 23:00:59.000000,True,Jason,Stewart,michael45@wagner.org,True,True,2012-02-14 13:40:11.000000,andersonmary
34,35,Voluptates delectus sapiente ratione quidem est.,2004-05-09 15:08:32.000000,True,Jessica,Smith,cruzmichael@gmail.com,False,False,2013-01-17 20:22:01.000000,michael89
35,36,Quos ad dicta velit earum commodi. Perspiciatis minus architecto repudiandae.,2010-04-28 18:55:16.000000,False,Brian,Garner,karensmith@hotmail.com,False,False,2001-09-25 20:03:28.000000,mullinsstephanie
36,37,Sequi voluptatum eius architecto doloribus qui. Qui cum dicta facere. Possimus rerum dolores ab.,2005-09-29 04:11:59.000000,False,Lori,Mcclure,xcole@wallace.info,True,True,1993-09-01 16:22:00.000000,walkermelissa
37,38,Eaque repellendus amet odit. Placeat dolorum ea corporis incidunt eos.,1979-06-21 15:01:33.000000,True,Gregory,Preston,andrew51@barnes.com,True,False,1984-04-25 15:45:32.000000,yateschristopher
38,39,Cum maxime voluptatem labore voluptas quaerat voluptatum sequi. Iure culpa asperiores.,1978-06-19 12:04:58.000000,True,Dylan,Baker,howardfrank@gmail.com,False,True,1991-12-03 12:00:56.000000,rturner
39,40,Dolorum possimus occaecati vel ea. Dignissimos repellendus libero sint. Asperiores odio repudiandae sed velit.,1985-02-10 16:27:21.000000,True,Donald,Garcia,suttonjohnny@brooks.org,True,False,1982-04-01 20:49:47.000000,kpatrick
40,41,Fugit laborum ullam quia alias.,1996-03-09 07:29:31.000000,True,Brandy,Clark,deborahramirez@hotmail.com,True,False,1998-03-07 10:33:17.000000,thomaslee
41,42,Atque tempore recusandae officia voluptas. A animi repellat similique impedit dolores.,1974-11-03 17:28:38.000000,False,Samantha,Nelson,belllindsey@wright-davis.com,False,False,1982-08-28 13:31:03.000000,rachel69
42,43,Alias debitis pariatur culpa voluptate. Blanditiis commodi amet minima molestias.,2009-06-04 12:52:41.000000,True,Pam,Banks,joshua07@hotmail.com,True,False,1987-06-09 02:14:32.000000,estradarachael
43,44,Sunt aut pariatur cupiditate dolorum minima. Illo consectetur porro dolorum nostrum esse harum.,1993-04-06 17:11:37.000000,False,Travis,Roberts,jonesjessica@hotmail.com,False,False,2003-03-20 00:49:53.000000,duncanjoseph
44,45,"Minus corrupti eum perspiciatis. Pariatur nemo ex id.
Nam accusantium molestias deleniti. Rerum nemo ipsum sit ab soluta vel.",1990-07-27 01:55:04.000000,True,Ethan,Navarro,bdominguez@cain.info,False,True,1972-07-31 08:18:00.000000,gonzalezmichael
45,46,Sunt repudiandae nesciunt nobis distinctio. Earum esse animi assumenda vitae. Libero tempora repudiandae sapiente dicta.,1995-01-22 08:14:45.000000,False,Christian,Allison,jeremy33@sparks-jones.com,True,True,2008-05-22 16:41:55.000000,yle
46,47,Natus occaecati vero. Repellendus fuga nihil.,1976-05-24 05:01:21.000000,False,Michael,Edwards,vbrown@gonzales.com,True,True,1976-07-21 19:54:28.000000,codyholt
47,48,Laboriosam dolorem animi dolor. Iste laboriosam reprehenderit.,1999-12-19 15:51:02.000000,False,Joshua,Hicks,williamkim@garrison-smith.com,True,True,1995-04-30 14:08:56.000000,agreen
48,49,Accusantium ea quisquam porro quibusdam. Placeat qui ex rem aut sunt quos.,1982-07-08 19:02:16.000000,False,Janice,Colon,jonesjames@snyder.org,True,True,2001-12-29 09:38:06.000000,morganburton
49,50,Repellendus minus dolores magni rem ab saepe. Necessitatibus quo facere sit nihil. Nihil reiciendis minima laborum incidunt.,2017-06-22 23:18:05.000000,False,Ashley,Weaver,stephaniemitchell@wilson.com,True,True,2010-09-05 17:59:57.000000,psmith
50,51,"Mollitia maiores esse non. Deleniti illum et nesciunt facere dicta.
Veniam possimus officiis. Quasi dicta accusamus ducimus.",1999-02-09 07:03:28.000000,True,Keith,Lewis,yking@rodriguez.com,True,True,1977-10-07 13:45:29.000000,elizabethcasey
51,52,Adipisci exercitationem in illo. Omnis iste ipsum sed quia perferendis doloremque.,1976-03-28 10:59:11.000000,False,Allison,Jordan,eric87@gray-perez.com,True,False,2000-08-23 01:09:36.000000,joseph39
52,53,Dicta veritatis suscipit dicta vero ducimus. Iure architecto deserunt quaerat expedita. Doloribus minus necessitatibus quas.,1983-06-04 20:58:32.000000,True,Jose,Ware,kdavidson@hill.com,False,False,2009-01-03 21:53:26.000000,piercerobin
53,54,Sunt eligendi eius. Omnis pariatur quam voluptates deserunt unde repudiandae. Eius nisi fugiat eum.,1976-03-16 18:07:06.000000,False,Oscar,Ramirez,martinezjulie@perez-krause.com,True,False,1988-11-25 03:49:26.000000,david31
54,55,Pariatur voluptate optio vitae. Expedita error doloremque molestiae dicta eius non. Sed quae tempora.,1982-05-13 01:27:31.000000,False,Jennifer,Mcbride,gillespiejesus@gmail.com,True,True,2013-07-23 11:54:49.000000,coxebony
55,56,Sit tempore nam dolore nemo. Non corrupti cum dignissimos voluptatibus.,1995-07-07 12:16:16.000000,True,Robert,Watkins,anita58@gmail.com,True,True,1991-06-07 02:26:00.000000,nmcconnell
56,57,Amet distinctio aliquid reprehenderit dolorum eveniet.,1995-03-14 07:01:14.000000,True,Jessica,Ramos,ikirby@yahoo.com,False,False,1977-10-21 18:12:04.000000,lisa03
57,58,Praesentium aspernatur minima iste at nihil. Sapiente at libero expedita.,2007-03-25 04:44:39.000000,True,Michelle,Johnson,harrisonbrandon@gmail.com,True,True,2017-04-20 10:05:48.000000,sullivancarmen
58,59,Nam earum harum sequi consectetur. Nesciunt dicta a cum eligendi. At alias quis quibusdam quam enim sint.,1999-05-02 16:30:39.000000,True,Jane,Rosales,rogerslaura@gmail.com,True,True,1975-02-13 21:27:43.000000,johnsontammy
59,60,Sint minima qui temporibus voluptatibus. Quia commodi ratione modi odit aliquam.,1987-05-18 11:11:17.000000,False,Joseph,Martin,leah67@yahoo.com,True,True,1979-02-16 08:11:17.000000,tbrown
60,61,Nulla fugit aut sequi corporis. Architecto pariatur consequatur occaecati officia. Corrupti voluptas voluptatibus.,2003-08-16 07:58:33.000000,True,Clarence,Taylor,williamscarla@harris.org,False,False,2014-12-10 03:10:20.000000,bhoffman
61,62,Labore saepe cum quod. Aliquam natus vel repellat.,2000-02-06 07:04:08.000000,True,Michael,Gardner,stacy26@moore.com,True,True,1973-06-26 18:34:21.000000,davidcalderon
62,63,Fuga dignissimos veniam. Est laudantium autem placeat optio nobis.,2001-05-09 21:02:00.000000,False,Jesse,Barajas,dawn16@pratt.com,True,False,1975-07-14 08:29:59.000000,lgonzales
63,64,Quia ratione quam iusto laudantium commodi alias asperiores. Enim natus mollitia repudiandae.,2014-01-25 22:31:41.000000,True,Christopher,Jordan,guzmancrystal@hotmail.com,False,True,1999-03-10 05:59:35.000000,hardyamber
64,65,Praesentium eos eius quae ipsa. Magni eos quas quae nesciunt recusandae porro.,1995-01-09 08:29:54.000000,False,Jesse,Hayes,rachel61@yahoo.com,True,True,1977-05-30 09:27:58.000000,moralesjacqueline
65,66,Harum commodi fugit explicabo assumenda temporibus. Blanditiis architecto animi magnam vel laborum ex eius.,1999-07-25 20:14:44.000000,True,David,Smith,michelle15@johnson-holmes.com,True,True,1972-12-27 01:57:36.000000,michelle68
66,67,Quis amet unde eaque. Eligendi ullam perspiciatis itaque ducimus quibusdam.,1985-03-16 20:04:21.000000,False,Nathan,Rodriguez,jennifermiller@hotmail.com,True,True,1988-01-24 13:09:35.000000,brownjeffrey
67,68,Nam earum asperiores dolores voluptate qui ratione consequatur. At beatae necessitatibus quo delectus eligendi atque.,2005-07-14 06:06:32.000000,False,Samantha,Lowe,vwilson@yahoo.com,False,False,2004-02-29 02:59:49.000000,jodihunt
68,69,Sunt delectus aspernatur veritatis.,2011-09-27 19:56:41.000000,True,Lisa,Davis,cunninghamsteve@hotmail.com,False,True,2009-10-10 19:39:05.000000,christopherwiley
69,70,Minima aut hic repudiandae. Praesentium cum voluptatem ab debitis. Corporis optio et accusamus neque earum.,1978-05-16 10:25:32.000000,False,Carmen,Castillo,danielcampbell@hotmail.com,True,False,1992-09-14 20:29:14.000000,freyes
70,71,Culpa assumenda voluptatibus quae illum temporibus blanditiis. Quas ea recusandae.,1982-10-09 14:36:07.000000,False,Karen,Williams,mandy11@yahoo.com,False,True,1998-06-23 12:11:49.000000,patricianguyen
71,72,Voluptatem laudantium exercitationem sapiente magni vitae. Quo sint eaque tenetur. Molestiae esse mollitia quasi laborum omnis.,2008-10-19 09:46:27.000000,False,Nancy,Mendoza,joel04@hotmail.com,False,False,2010-02-05 22:54:00.000000,carla31
72,73,Praesentium iure ipsa beatae. Id necessitatibus quis eveniet adipisci sequi. Temporibus qui tempore perferendis.,2005-07-09 23:00:03.000000,False,Nicholas,Gentry,sharontorres@simmons-fuentes.org,False,True,2000-03-06 13:47:36.000000,karen72
73,74,Aperiam id impedit quas inventore doloribus sed praesentium. Voluptas dolores dicta unde.,1993-05-05 04:09:30.000000,True,Emma,Valencia,qtaylor@yahoo.com,False,True,1970-10-17 05:27:52.000000,orowe
74,75,Harum provident nobis cupiditate blanditiis. Occaecati nulla nihil occaecati cumque tempora veritatis.,1978-09-16 18:41:02.000000,True,Brenda,Murphy,melissa89@yahoo.com,False,False,1979-10-31 20:25:14.000000,brendadavis
75,76,Dolor deserunt iste fuga fuga. Consequuntur soluta a ea aliquam ex.,2002-08-08 14:50:36.000000,False,Jennifer,Chang,annschaefer@miller.org,True,False,1976-04-22 01:58:44.000000,kerry29
76,77,Nemo perferendis ea aliquid nisi earum sequi. Natus molestiae impedit et.,2007-04-12 06:29:40.000000,True,Laura,Spence,serranosara@johnson-graham.net,True,False,1999-05-20 11:30:03.000000,nicholas98
77,78,Beatae temporibus reiciendis nesciunt. Consequuntur velit eum nesciunt similique magnam. Repellat quisquam officia.,2014-09-01 15:10:25.000000,False,Bradley,Hodge,timothypierce@gmail.com,True,True,1986-05-29 00:36:53.000000,joel66
78,79,Ratione quis dolorum iste voluptatum porro. Vero debitis id amet.,2003-12-24 19:59:41.000000,False,Jessica,Prince,lisa59@yahoo.com,True,True,1997-07-15 01:56:42.000000,ryan44
79,80,Eligendi fuga sequi occaecati. Rerum itaque optio laudantium perferendis.,2010-06-13 13:53:49.000000,False,Adam,Cole,gregorysamantha@gmail.com,False,False,1981-03-05 04:28:54.000000,david63
80,81,Quasi expedita id praesentium voluptates nostrum.,2015-03-07 22:13:47.000000,False,Nicholas,Foster,mlopez@brooks.org,True,False,1970-11-10 19:58:05.000000,harrislisa
81,82,Eos asperiores eveniet alias autem iure. Distinctio voluptas modi voluptate numquam quis aspernatur.,2008-12-31 14:19:01.000000,False,Stephanie,Lee,bkirby@hotmail.com,False,True,2012-11-24 08:03:04.000000,eric29
82,83,Inventore fuga ut id quisquam inventore quod. Labore eaque occaecati cum perspiciatis doloribus omnis.,2012-10-29 15:34:04.000000,False,James,Ferguson,lstrong@williams-strong.com,True,True,2008-04-10 22:25:23.000000,alexanderrussell
83,84,Officia voluptates neque natus ipsa. Rem autem quidem molestiae possimus.,1972-05-20 02:49:49.000000,True,Connor,Brown,michaelfernandez@gmail.com,True,True,1996-02-21 00:19:46.000000,james30
84,85,Itaque sapiente voluptate quibusdam asperiores. Aperiam quis totam neque nisi totam eaque.,2008-08-24 13:22:37.000000,True,Julie,Wood,christinarobertson@carter.biz,True,True,1996-11-05 21:09:24.000000,gonzalezdeborah
85,86,Facilis molestiae sed ipsam tempore. Pariatur veniam expedita error accusantium nulla.,2017-01-18 05:30:34.000000,False,Deborah,Peterson,jeffery25@yahoo.com,False,True,1987-12-04 21:04:59.000000,marvinpadilla
86,87,Blanditiis necessitatibus numquam sapiente. Eligendi qui architecto qui occaecati repudiandae. Quisquam eum fuga.,1982-10-15 18:34:47.000000,False,Ricky,Martin,lopezblake@hotmail.com,True,False,1986-09-02 16:25:18.000000,shannon04
87,88,Quasi excepturi neque porro excepturi maxime praesentium. Tempore cupiditate cumque natus odit dignissimos.,2007-08-23 14:09:59.000000,True,Mary,Arnold,anthony17@gonzales.biz,False,False,2008-10-07 20:51:31.000000,jamie82
88,89,Recusandae nam praesentium unde. Laboriosam tempore a perferendis et.,1997-04-10 07:37:25.000000,True,Molly,Phillips,eric28@miller-hayes.net,False,True,1997-07-27 11:50:28.000000,mburns
89,90,"Atque ullam commodi recusandae consectetur.
Ipsa laudantium vero minus sed dolorum maxime. Illo perspiciatis amet laborum.",1984-09-25 22:43:24.000000,False,Maria,Castillo,ibaker@hotmail.com,False,True,2016-03-09 02:42:24.000000,beasleyshaun
90,91,Voluptate autem ullam unde. Deleniti esse alias harum ullam similique. Nulla vitae beatae impedit.,1973-03-23 15:08:39.000000,False,Amanda,Jones,catherinecaldwell@hotmail.com,False,False,1974-03-09 00:41:48.000000,jenningswilliam
91,92,Officia fugiat ea consectetur eos facere odio. Dolorem nemo iste voluptate.,1978-12-17 17:57:30.000000,True,Cameron,Robertson,jamesferguson@carter.com,True,False,1974-07-22 20:53:55.000000,deanna70
92,93,Quae error sint recusandae. Fuga error perspiciatis voluptates.,2005-05-13 10:24:48.000000,True,Desiree,Clark,robertsdana@mason.com,True,False,1991-05-29 04:04:33.000000,lydia93
93,94,Itaque delectus nulla mollitia autem suscipit. Omnis praesentium eos cupiditate itaque.,2002-05-29 02:57:50.000000,True,Debra,Campbell,wyattgarcia@ramsey.com,False,True,1981-01-09 16:26:07.000000,michellekent
94,95,Reprehenderit earum possimus impedit cum quaerat quasi totam. Id qui quod labore sunt.,1981-03-15 23:25:52.000000,True,Victor,Brown,xalexander@hotmail.com,False,False,1970-06-14 10:47:21.000000,claudia83
95,96,Earum veniam maxime architecto debitis. Molestias ipsum repudiandae ratione quibusdam perspiciatis harum. Amet tempore quo.,2010-06-08 13:14:53.000000,False,David,Ruiz,jenniferryan@booker.com,True,False,2003-11-23 22:53:49.000000,brownkatherine
96,97,Sint facilis tempore ipsum similique maiores. Nemo vitae officiis sunt repellendus.,1985-09-29 03:12:41.000000,False,Christine,Stanley,masonhoward@santos-mason.net,True,True,2016-12-05 20:08:56.000000,mdavis
97,98,Aliquam quaerat repellendus accusamus quis illo nisi. Nam aspernatur illo incidunt earum soluta. Placeat amet at doloribus.,1975-02-01 17:03:24.000000,True,James,Espinoza,ebishop@hotmail.com,True,True,2001-12-20 14:11:57.000000,margaret91
98,99,Molestiae tempora earum animi animi dolore error.,1994-08-24 10:35:55.000000,True,Christine,Cuevas,rachelwilson@pearson.info,False,False,2012-07-16 04:19:49.000000,christopher97
99,100,Iure dolore laboriosam laboriosam magni iusto quod eius. Maiores voluptas quisquam maiores fugiat nulla assumenda.,1992-10-10 06:39:28.000000,True,Katherine,Bernard,jensenapril@gmail.com,False,False,2005-12-30 02:22:32.000000,jonesanna
100,101,Delectus ipsa voluptatibus aspernatur hic quisquam. Tempore eveniet vitae at.,2005-03-18 22:20:42.000000,False,Philip,Larson,millercatherine@yahoo.com,True,True,1983-09-11 21:14:48.000000,nallen
101,102,Molestiae dolorem ullam molestias. Eum veniam at doloribus ex. Odio veniam minus quas voluptatum.,2002-08-21 23:54:59.000000,False,Randall,Dawson,antonio69@hotmail.com,False,False,1991-03-05 15:05:51.000000,iperry
102,103,Tenetur facere impedit id.,2004-04-01 04:01:45.000000,False,Lisa,Beck,christopherhenry@wright.com,True,False,1992-02-13 01:20:06.000000,jesus51
103,104,Dolore velit facilis nihil. Magnam officia excepturi. Libero odio eum ipsum doloremque esse minus.,1978-07-10 15:05:26.000000,True,Connie,Brown,rwebster@gmail.com,True,False,2001-03-28 19:40:43.000000,zyu
104,105,Deserunt dolor at dignissimos voluptatibus optio consectetur. Ratione asperiores autem at.,1994-12-10 14:41:43.000000,False,Joseph,Smith,floydmatthew@campbell-bell.com,True,False,1988-01-26 21:10:07.000000,michaelhenderson
105,106,Quis blanditiis ipsum reprehenderit placeat. Voluptas fugit consectetur sequi. Quis reiciendis repudiandae.,1976-08-07 01:13:03.000000,True,Anne,Cruz,browndenise@chan.net,False,True,2017-10-20 16:05:18.000000,josephflores
106,107,Quisquam dolore maiores quam nihil excepturi eos. Placeat voluptate ad.,1994-03-08 07:39:45.000000,True,Preston,Harris,ashleycarter@vasquez-bridges.com,False,False,2016-08-18 20:19:46.000000,juliawashington
107,108,Nesciunt voluptas earum esse fuga cum. Doloribus quisquam expedita quo omnis recusandae. Sint fugiat ad illo eos.,1983-03-23 00:46:29.000000,False,Allison,Blake,anne78@hotmail.com,True,False,1986-11-29 08:35:30.000000,gilbertthomas
108,109,Laboriosam deleniti voluptate. Sit beatae eos est nostrum atque eos nulla. In rerum aperiam autem porro voluptatum.,2014-08-20 22:56:38.000000,True,Michele,Meyer,duncanjoy@yahoo.com,True,False,2003-07-31 21:20:39.000000,jacob29
109,110,Occaecati neque quae enim quas cupiditate quas. Quae aspernatur deserunt rerum accusantium illo dolores veritatis.,2004-09-25 19:12:28.000000,False,Peggy,Bradley,doylekaylee@campbell-sheppard.com,False,False,1971-03-21 15:07:03.000000,johnsonmichael
110,111,Laborum fuga quae maiores minima. Perspiciatis sunt facilis optio dolorem assumenda corrupti repellendus.,1997-02-25 17:45:42.000000,False,Maria,Schultz,gouldrobin@perez.org,False,False,1999-06-21 03:09:14.000000,jedwards
111,112,Vitae eligendi et enim. Aperiam minus ex accusamus.,2010-05-12 21:54:05.000000,False,Jeffery,Hayden,rdoyle@gmail.com,False,True,1986-12-20 06:24:18.000000,skinnerbeverly
112,113,Soluta odio perferendis asperiores nisi. Nisi pariatur deleniti quos.,1991-09-28 13:28:16.000000,True,Dawn,Hodges,dennis25@gmail.com,False,False,1977-11-09 13:18:16.000000,fordlisa
113,114,Omnis commodi mollitia cum. Nostrum harum voluptatem architecto. Ab explicabo impedit a odio incidunt nemo rem.,2017-04-09 12:14:41.000000,True,Jason,Sanchez,austin21@smith.biz,False,False,1992-03-29 01:06:42.000000,walkercindy
114,115,Laboriosam dicta quidem ipsum culpa esse corrupti. Animi autem impedit suscipit sed dolor.,1991-09-12 07:03:13.000000,True,Amanda,Harris,bbrown@larson.com,False,True,1999-04-08 15:32:35.000000,halemartin
115,116,Ducimus ipsa sequi ea dignissimos. Aperiam itaque atque beatae.,1993-12-20 04:43:38.000000,False,Zachary,Davis,ruizangela@gmail.com,True,False,1975-02-02 19:01:29.000000,bradleymckenzie
116,117,Iste aut provident consequuntur. Doloremque delectus ipsam exercitationem maxime incidunt.,1993-03-19 04:40:29.000000,False,Martha,Case,kim01@gmail.com,False,True,1975-02-26 21:24:24.000000,cynthia08
117,118,Praesentium nihil quas beatae quasi veniam. Repellendus rem officia ipsa iste explicabo vero.,2006-04-19 00:54:18.000000,True,Trevor,Davis,melvin19@hotmail.com,True,False,1997-10-02 02:58:40.000000,dboyle
118,119,Tempora nihil unde veritatis totam. Ratione fugit illum distinctio exercitationem quas molestiae laborum.,2017-01-05 14:42:35.000000,True,Brooke,Estes,ksmith@gmail.com,True,False,1984-10-25 17:21:54.000000,annmorris
119,120,Esse reprehenderit facilis provident unde.,1977-09-24 14:41:46.000000,False,Jennifer,Howell,sarah88@gmail.com,False,False,1992-08-03 06:07:02.000000,williamlewis
120,121,Eveniet id a. Sint dolorem labore perspiciatis nulla debitis recusandae magni.,1978-07-28 01:01:21.000000,False,Amber,Barker,ronaldcarroll@gmail.com,False,False,1976-01-06 06:51:14.000000,yjohnson
121,122,Quaerat cum optio repudiandae eaque assumenda. Reprehenderit dolorum facere ut. Laborum vero nam itaque aut tempora a.,2012-06-14 02:44:48.000000,True,Sherri,Callahan,hsmith@hotmail.com,True,False,1973-03-31 02:02:34.000000,kaitlyn48
122,123,Iure animi corrupti ipsum consequuntur eum repudiandae. Quis modi vel.,2012-12-25 20:18:16.000000,False,Joshua,Hamilton,gnelson@hotmail.com,False,False,1993-04-25 11:39:42.000000,fostercharles
123,124,Accusamus totam laboriosam ducimus aliquam. At doloribus exercitationem reprehenderit in natus.,2015-03-17 08:03:40.000000,True,John,Nguyen,rebeccatorres@gmail.com,False,True,1986-12-06 09:14:14.000000,ssaunders
124,125,Placeat molestias id enim veritatis. Perferendis molestiae nihil laborum quisquam ea.,2005-10-18 18:15:22.000000,True,Donald,Poole,tiffany19@burke-martin.org,True,True,1978-07-08 15:59:53.000000,angela13
125,126,Aliquid esse repudiandae error. Veritatis odit id ducimus sunt aperiam ducimus qui.,1979-10-13 06:00:35.000000,False,Joyce,Pugh,iyork@hotmail.com,False,False,1979-01-30 05:51:41.000000,michael23
126,127,Numquam neque excepturi unde itaque. Culpa id quasi animi. Sed exercitationem nesciunt exercitationem.,1976-02-16 08:38:00.000000,True,Tina,Romero,ross10@yahoo.com,False,True,1974-07-12 07:40:17.000000,edwinhughes
127,128,Perferendis non doloremque aut. Adipisci pariatur nulla ipsam inventore ab.,1976-07-11 17:43:44.000000,True,George,Evans,samantha74@gmail.com,False,True,1984-04-16 10:20:06.000000,ojoyce
128,129,Debitis veritatis adipisci architecto a beatae tempore. Numquam occaecati tempora labore animi.,1991-02-02 01:00:49.000000,False,Lisa,Patterson,evanscheryl@kennedy-ruiz.info,False,True,1978-12-21 10:26:21.000000,evelyn56
129,130,Quisquam commodi cupiditate consectetur. Accusantium nam vero nihil error iusto. Sed soluta sed ullam debitis quaerat.,1983-03-29 18:42:43.000000,False,Jane,Roberts,kmullins@yahoo.com,True,True,1995-11-29 01:45:04.000000,dianebranch
130,131,At impedit ea quia nihil alias. Reprehenderit harum modi porro eligendi porro. Doloribus fugit commodi saepe beatae blanditiis.,1995-08-27 12:00:52.000000,False,Lydia,Lopez,emmadavenport@yahoo.com,False,True,1976-08-10 23:14:18.000000,jennifer79
131,132,Reiciendis debitis illo pariatur iure. Enim fuga fuga natus blanditiis distinctio dolor.,1994-09-09 07:51:39.000000,True,Ashley,Humphrey,wheelertheresa@willis.org,True,True,1998-08-07 21:52:06.000000,danielle12
132,133,Temporibus nam assumenda ullam amet cumque quas. Consequuntur omnis omnis.,1985-05-11 18:58:01.000000,True,Alisha,Dennis,aaronsilva@solis.com,False,True,1987-10-03 09:13:40.000000,sarahanderson
133,134,Excepturi ducimus explicabo iste officia incidunt soluta accusamus. Doloremque facere repellendus.,1985-05-06 18:49:52.000000,False,Benjamin,Higgins,kevin67@yates.com,True,False,1999-03-15 03:49:19.000000,karaburke
134,135,Iure id soluta beatae expedita accusamus vitae. Eaque similique a qui cum.,1974-10-23 10:24:19.000000,False,Richard,Thomas,stewartashley@miller.com,False,False,1970-12-29 16:33:18.000000,jacksonamanda
135,136,Fuga blanditiis nemo est labore nisi vero rerum. Iusto eum consectetur ea earum facilis nemo saepe. In at id adipisci.,1977-11-29 03:56:11.000000,False,Ryan,King,christinemcconnell@gmail.com,False,True,1971-05-06 11:14:33.000000,dalenicholson
136,137,Voluptas maxime sapiente culpa aut laudantium. Rerum dignissimos sit fugiat. Quam vel hic necessitatibus quae.,1983-01-16 13:37:35.000000,True,Nicholas,Ramos,daltonadam@gomez-ramirez.com,True,True,1984-06-23 05:08:02.000000,wyattdavid
137,138,Consectetur at sunt eum. Ut libero sapiente sit. Aspernatur odit iure nisi nisi.,1990-12-21 21:45:11.000000,True,Tara,Ortiz,ymyers@scott-richardson.biz,False,False,2015-11-05 16:58:32.000000,tholt
138,139,Cumque totam totam. Pariatur laborum hic molestias.,1985-03-24 14:16:14.000000,False,Kenneth,Oconnor,michaelstephens@gmail.com,False,False,1993-01-02 00:59:32.000000,vazquezanne
139,140,"Autem dicta placeat aperiam. Aspernatur nobis incidunt iusto ut ad.
Harum saepe impedit sunt rerum.",1984-05-21 04:41:38.000000,True,Daniel,Everett,lauriehenderson@wagner-huang.info,True,True,1990-07-13 22:49:57.000000,dana60
140,141,Distinctio nisi libero illo sapiente id nihil quos. Voluptas sapiente recusandae aliquid.,2010-12-16 04:56:47.000000,True,Rebecca,Ross,torressusan@dixon.com,True,True,1972-01-18 19:49:30.000000,hortonangela
141,142,Dolorem unde cupiditate ipsa nam dolor. Vero possimus possimus dolore quis inventore.,1970-04-29 02:59:53.000000,True,Elizabeth,Rivera,sean69@gonzalez.com,True,False,1988-04-16 14:23:06.000000,jeffrey06
142,143,"Molestias est quia quos esse.
Dolore itaque ad magni qui aliquam in unde. Modi quas quia sunt veniam ratione.",1990-11-25 05:28:02.000000,False,Stephen,Rivera,mbrown@gmail.com,False,True,2013-09-15 19:25:44.000000,jessica45
143,144,Inventore unde eos unde consequatur. Sunt eos quibusdam quam.,1987-02-23 20:47:58.000000,False,Bobby,Henson,kevin78@grant.com,True,False,1990-10-19 05:51:54.000000,bartlettjill
144,145,Cumque mollitia ipsa nemo laborum ab.,1974-07-25 11:11:19.000000,True,David,Davis,lanceherrera@gmail.com,True,False,1976-08-19 02:01:43.000000,whiteryan
145,146,Fuga pariatur vitae quis ullam aspernatur quam. Doloremque dolore libero enim. Reprehenderit voluptatum ea.,1990-05-05 02:37:17.000000,True,Ruben,Knox,aedwards@owens-ballard.org,False,True,1998-02-27 03:29:10.000000,mitchelljones
146,147,Eum facere amet consectetur. Sed error vero. Consequuntur fugiat delectus explicabo omnis.,1970-10-16 00:12:24.000000,False,Corey,Hutchinson,antonio07@gmail.com,False,False,1975-10-17 21:46:17.000000,karenthompson
147,148,Voluptate distinctio vitae ex amet ad maxime. Magni perferendis officia distinctio ipsa ipsam optio.,2006-05-07 10:56:35.000000,False,Erika,Wilson,amanda77@harris-bond.com,False,False,1996-05-30 14:03:16.000000,jmccormick
148,149,Nostrum praesentium nobis quis eum. Eaque eligendi hic sint quasi. Assumenda voluptas corporis quia provident cum eaque.,2011-04-25 03:34:56.000000,True,Michelle,Rodgers,tpatrick@ritter-holden.com,True,False,1996-05-10 10:16:16.000000,thomas62
149,150,Iste necessitatibus accusamus ipsa.,1986-05-11 13:29:03.000000,True,Cynthia,King,barbara58@bailey.biz,True,False,2010-11-04 17:36:24.000000,johnsonjoshua
150,151,Quos eos reprehenderit pariatur. Alias sed aperiam quaerat fugit at molestias. Accusamus pariatur nostrum possimus.,1970-11-07 19:22:41.000000,True,Carla,Campbell,dylanhernandez@brown.com,False,True,1984-02-15 06:35:09.000000,lee46
151,152,Aliquam ratione quae optio. Nesciunt totam deserunt quas. Vero vel deleniti.,1988-04-13 15:15:43.000000,False,Alex,Herman,nicole08@tran.com,True,True,2001-04-30 07:06:29.000000,pallen
152,153,Sequi quam ipsa delectus et. Molestias error vitae.,1972-11-10 03:20:47.000000,True,Jessica,Payne,andrew49@mcdowell.com,True,False,2006-07-17 12:17:09.000000,qstephens
153,154,"Facilis maiores ea amet libero illum et alias. Odio ab enim voluptatibus occaecati dolor.
Praesentium dolorum sint.",1982-07-15 15:50:25.000000,True,Laura,Brown,cherylcox@martinez.net,False,True,1984-03-15 02:03:01.000000,davistraci
154,155,Ad culpa iste praesentium veniam quaerat molestiae.,1978-08-16 03:19:36.000000,False,Matthew,Wallace,coxnancy@mcdaniel.com,False,True,2010-04-13 14:10:55.000000,qperry
155,156,Laudantium iusto molestiae quam veritatis enim aperiam. Est sunt adipisci perspiciatis est hic.,1994-01-07 00:56:06.000000,False,Carolyn,White,bethanymosley@gmail.com,False,False,1989-07-07 06:39:42.000000,ysutton
156,157,Reiciendis harum blanditiis voluptas. Facilis nam quibusdam quae. Maiores distinctio ipsa nemo molestias similique.,1981-05-18 02:58:21.000000,False,Danielle,Robinson,joseph75@hotmail.com,True,False,2000-07-10 14:20:00.000000,victoria29
157,158,Distinctio porro occaecati explicabo nihil. Eius officiis pariatur tenetur id ut ratione. Incidunt magnam voluptates porro.,1984-04-04 03:09:44.000000,True,Leah,Acosta,christinemartinez@hotmail.com,True,True,1991-03-08 06:42:13.000000,mreed
158,159,Possimus architecto nostrum natus praesentium fuga. Sapiente ipsam ullam iste corporis.,2011-01-24 06:14:34.000000,False,Patricia,Burke,elizabethallen@phillips.com,True,True,1987-08-28 13:52:17.000000,michelle07
159,160,Eveniet voluptatem sed beatae. Amet corporis facere voluptatibus natus sequi.,1996-05-08 04:47:17.000000,False,Walter,Edwards,guerrerokimberly@hotmail.com,False,False,2015-07-10 17:39:50.000000,irivers
160,161,Amet modi minima eaque dignissimos. Labore consequatur incidunt quo fugit repellat accusantium.,2006-05-15 05:28:36.000000,False,Keith,Choi,csmith@hotmail.com,True,False,1979-11-04 21:01:11.000000,jason72
161,162,Eum reiciendis facere porro aut dolor. Blanditiis animi velit qui quae est.,1998-01-25 00:37:02.000000,False,Paul,Owens,yfrancis@gmail.com,False,False,2010-03-15 04:12:13.000000,kylierobinson
162,163,Dolorem officia voluptatem perferendis odio. Expedita pariatur laboriosam dolorem accusantium placeat eos.,2013-06-15 18:38:54.000000,True,Cole,Fowler,mriley@nichols-acosta.net,False,True,1976-09-19 14:03:23.000000,mhardin
163,164,Ducimus aut neque ea veniam recusandae. Numquam accusamus ipsum reprehenderit in temporibus.,2015-05-15 11:42:22.000000,True,Gregory,Wilson,richard48@yahoo.com,True,True,1972-08-24 03:34:41.000000,cummingsemma
164,165,Enim earum saepe repellendus beatae eos ipsum. Inventore magnam delectus vel est assumenda. Dolor ab cumque dicta.,2016-12-12 23:51:43.000000,False,Michelle,Swanson,robertsdaniel@gmail.com,True,True,1996-05-03 23:25:40.000000,jacksonmatthew
165,166,Laborum sed rerum tenetur officiis perspiciatis at. Deserunt nulla dolor rem. Recusandae vero rem vel dolorem assumenda.,1989-01-09 08:38:05.000000,True,Maria,Scott,daybrittany@yahoo.com,True,False,1998-03-07 19:02:58.000000,zwalsh
166,167,Doloribus deserunt aliquid eaque voluptatum facere nisi. Blanditiis alias nulla voluptatem et.,1999-05-15 16:29:00.000000,False,Nancy,Brown,conwaygregory@gmail.com,False,True,1973-11-03 23:57:57.000000,walsheric
167,168,Quidem occaecati consequuntur inventore labore corrupti eius. Aliquid voluptatum molestiae voluptate debitis expedita.,2010-09-23 23:03:12.000000,True,Stacy,Ramirez,webercharles@hotmail.com,False,True,1983-03-12 05:27:42.000000,ogallegos
168,169,Consequatur perferendis natus occaecati. A voluptatem doloremque architecto consequatur et.,1976-05-20 21:14:42.000000,True,Samantha,Hodge,rebeccasanchez@hotmail.com,True,True,1992-07-24 10:29:37.000000,mendozasherri
169,170,Nesciunt consequatur sunt ipsa magni sequi. Explicabo ut blanditiis tenetur cupiditate. Minus eum fuga nobis.,2014-04-21 22:33:15.000000,False,Mitchell,Wilson,lgarcia@hotmail.com,False,False,1990-04-04 05:57:43.000000,powellwhitney
170,171,Expedita optio dolor unde a id natus. Temporibus aperiam pariatur eveniet dicta rerum.,1990-04-25 12:48:00.000000,True,Paul,Miller,jenningsmatthew@gmail.com,True,True,1993-05-04 20:54:08.000000,sandrarowland
171,172,Incidunt esse ab doloribus assumenda. Dolorem quasi nostrum debitis.,2005-04-28 17:51:54.000000,False,Vanessa,Cooper,robert61@dillon-miller.com,False,True,2007-09-18 16:11:48.000000,castanedajuan
172,173,Impedit dicta iste odit. Odio vero hic doloremque.,1978-07-25 12:40:10.000000,False,Kylie,Rodriguez,powelltina@yahoo.com,False,False,1998-09-05 09:46:36.000000,carrolllawrence
173,174,Possimus inventore recusandae earum minus. Provident accusantium totam ab excepturi error.,2016-01-04 02:47:33.000000,True,Brian,Gomez,morganbrandon@gmail.com,True,True,1976-06-05 20:17:36.000000,ywilliams
174,175,Aperiam maiores tempora neque modi itaque iusto. Autem suscipit iste perspiciatis.,1986-02-26 04:49:07.000000,True,Elizabeth,Gross,amandamedina@yahoo.com,False,True,2008-03-24 02:11:28.000000,angela92
175,176,Excepturi quasi dicta ex soluta nesciunt dolor. Harum ducimus ea deserunt nisi eos facere. Animi quas temporibus dolorem.,1990-09-14 11:11:43.000000,False,Eric,Gonzalez,deanbrian@gmail.com,True,False,1982-06-20 23:35:22.000000,sjones
176,177,Rem doloremque dolor nobis nulla nobis. Atque sunt ipsam aut molestiae quam.,2013-03-04 18:41:51.000000,False,Claudia,Reeves,kelly73@patterson.com,True,False,2015-08-08 06:27:32.000000,diazbrooke
177,178,Est expedita magnam maiores cum repellendus nesciunt. Esse voluptatem quisquam dolorum at quam. Deserunt vel saepe illo animi.,1985-11-07 10:12:30.000000,False,Brandon,Munoz,jfitzgerald@long-hunt.net,False,True,1995-12-06 08:12:13.000000,iriley
178,179,Non laboriosam quidem rem numquam. Quos esse soluta porro eum eos reprehenderit.,1979-02-09 05:33:46.000000,True,Samantha,Mcdaniel,edwardnewman@johnson.net,False,False,2009-01-16 06:57:29.000000,vbecker
179,180,Voluptatem quaerat odio nesciunt dolorum et. Modi deserunt eum doloremque ex ratione. Veritatis sequi aut.,1982-09-27 09:37:48.000000,False,David,Shelton,theodore40@hotmail.com,True,True,2005-09-29 03:01:10.000000,belljohn
180,181,Qui modi illo laudantium hic quaerat. Similique a eum non omnis magnam ex debitis.,1991-08-16 04:56:42.000000,True,Dawn,Vasquez,karenfleming@hotmail.com,False,True,2001-10-07 13:24:43.000000,ljackson
181,182,Alias sed ea amet tempore alias. Repellendus illo in laudantium fuga nostrum corporis cumque. Quisquam consectetur quos.,1977-11-07 11:35:29.000000,False,Cathy,Lopez,mfitzgerald@saunders.com,True,True,1996-02-26 21:26:15.000000,keith00
182,183,Explicabo est impedit occaecati delectus molestiae. Amet quas ut. Perferendis illo ratione aspernatur nulla.,2011-03-22 13:25:00.000000,False,Ronald,Mccall,churchcourtney@wilson.com,True,False,1973-07-11 02:38:53.000000,bethany99
183,184,Itaque earum atque magni voluptatibus cupiditate voluptates. Incidunt architecto aspernatur repellendus provident ab.,2006-01-01 17:56:37.000000,True,Regina,Jones,jessica36@willis.com,False,True,1970-11-07 13:26:29.000000,griffinheather
184,185,Ipsam iusto eaque minus rem. Unde in incidunt enim quasi possimus provident.,2016-03-07 13:15:22.000000,False,Monique,Fields,tdean@yahoo.com,True,True,2002-12-08 09:35:52.000000,kathryn00
185,186,Facilis eius rerum blanditiis quia. Deserunt delectus nam architecto aperiam iste exercitationem ea.,1991-05-03 05:59:55.000000,True,Charles,Sharp,patrick18@gates-wiley.com,True,True,2001-12-06 15:36:31.000000,garnerkenneth
186,187,Aspernatur eveniet iusto sint eum. Voluptate quidem fugit praesentium.,2005-12-18 04:38:57.000000,True,Andrew,Hawkins,ybaldwin@gmail.com,True,False,1986-04-25 07:47:50.000000,pcastaneda
187,188,Maxime ea occaecati eos ipsam atque eos. Fugiat quasi commodi odit itaque mollitia iusto. Molestiae voluptates pariatur ad.,1995-05-11 19:52:40.000000,True,Tonya,Allen,yevans@yahoo.com,False,True,2005-11-28 06:08:22.000000,bradtodd
188,189,Amet quod sit excepturi. Vitae sequi est minima sequi facere fuga molestias. A ab nobis aliquam. Animi ut aliquam.,1981-01-19 05:25:10.000000,False,James,Galvan,madisonsoto@yahoo.com,False,False,2012-03-28 11:55:33.000000,chadanderson
189,190,At iure voluptate alias. Sequi blanditiis ipsa quam earum iste sapiente. Ex enim maxime optio officiis culpa.,1997-06-23 19:04:02.000000,False,James,Smith,wleonard@yahoo.com,False,True,2013-03-27 12:30:23.000000,vanessa95
190,191,Dolore officia ad. Repellendus cumque nam dolorum iusto reiciendis sed.,1987-07-14 00:03:30.000000,True,Carlos,James,hamiltoncalvin@medina.com,False,True,2000-08-21 20:19:13.000000,curtisdiana
191,192,Quas iure repellat perferendis totam maxime labore dolore.,1988-03-03 03:29:13.000000,False,Jo,Williams,christywilliams@smith-warren.org,True,True,2013-05-06 19:14:40.000000,mariahpowell
192,193,Non amet amet pariatur. Maxime aliquid ducimus distinctio laudantium veniam.,1973-03-20 22:35:05.000000,False,Christian,Taylor,kevinrobinson@harris.com,False,True,2002-05-10 08:51:38.000000,gonzalesgeorge
193,194,Ipsum commodi sint reiciendis repudiandae a. Voluptas ad assumenda facere nulla minima atque.,2005-02-14 08:08:59.000000,True,Michelle,Chavez,anna65@greene.net,True,True,2000-01-19 05:32:54.000000,fwalton
194,195,Hic ducimus qui. Deserunt repellendus sed sit voluptate ipsum illo odit. Illo ipsam delectus saepe tenetur.,1990-04-06 08:44:08.000000,True,Daniel,Dudley,karen26@yahoo.com,False,False,2012-04-09 08:36:45.000000,brett63
195,196,Nemo quia vero maxime temporibus. Reiciendis dolor sunt cumque saepe. Dolor voluptatum officiis autem reprehenderit.,2014-05-25 05:27:42.000000,True,Danielle,Rich,spearsmatthew@barnett-phillips.biz,True,False,1988-07-05 15:57:35.000000,humphreychristopher
196,197,Soluta quia mollitia. Assumenda cumque non nemo fugit. Sed alias iure beatae illum qui dignissimos.,1986-12-12 23:44:18.000000,False,Amy,Smith,oblack@moore.biz,True,True,1976-03-12 01:14:57.000000,kwilliams
197,198,Sapiente ea cumque ipsa explicabo delectus. Magnam sed natus culpa culpa tenetur sit.,2014-07-10 01:08:12.000000,False,Jillian,Wells,eric33@gmail.com,True,False,2006-11-07 07:43:00.000000,davislisa
198,199,Veritatis in adipisci occaecati nam. Qui qui laboriosam pariatur.,1988-03-29 00:02:35.000000,False,Jorge,Miller,forbesbrian@dominguez.info,False,True,2004-06-07 08:00:58.000000,smithmike
199,200,Rem velit nulla quod minima officia. Mollitia architecto provident consequatur. Voluptas voluptatibus eligendi quasi totam.,1981-02-08 06:25:47.000000,False,Teresa,Martinez,sarahtran@hotmail.com,False,True,2015-11-18 00:27:01.000000,lramirez
200,201,Corporis soluta accusantium perferendis. Tempora non dolores excepturi nobis.,2015-02-14 04:34:43.000000,True,Kevin,Dean,wrightjennifer@myers-lester.com,True,False,1977-01-05 20:10:55.000000,juliesharp
201,202,Qui impedit distinctio quidem eligendi. Exercitationem vero provident sint. Nesciunt eius possimus sit placeat veniam ipsam.,2008-08-04 09:08:19.000000,False,Kelly,Adams,hdiaz@gmail.com,True,False,1982-08-26 15:40:37.000000,samantha68
202,203,Eveniet dignissimos alias ipsa natus corporis. Reiciendis accusamus aspernatur quas soluta.,1989-08-04 02:35:49.000000,False,Kathleen,Duffy,jennifer89@gmail.com,False,True,2001-07-14 03:38:40.000000,kendra90
203,204,Molestiae fugiat sapiente ut corrupti voluptatem ullam. Tempore itaque aperiam dolores esse.,2015-01-14 19:55:48.000000,True,Christopher,Munoz,timothy92@gmail.com,False,False,2015-01-28 08:34:53.000000,michelle91
204,205,Quia veritatis ut animi dolor. Incidunt aut non laudantium sequi quos.,1975-06-26 23:47:07.000000,True,Michael,Anderson,khenderson@gmail.com,False,False,1986-03-04 10:01:14.000000,kari26
205,206,Eius architecto aliquid atque voluptate. Nemo laudantium harum.,1995-05-22 00:48:54.000000,False,Walter,Nguyen,daisy83@gmail.com,True,False,1975-01-22 00:14:20.000000,fgreene
206,207,Perferendis ipsam voluptates possimus eum. Aperiam illo quia quia.,1985-06-27 23:37:39.000000,False,David,Cummings,sanchezrobert@jacobs-shields.com,True,False,1979-03-16 18:50:54.000000,melissa60
207,208,Dolor ullam iusto exercitationem. Sint nobis illum.,1978-09-19 12:39:58.000000,True,Kari,Gomez,ashleylopez@hernandez-mckenzie.com,True,True,2005-12-15 11:32:54.000000,vasquezelizabeth
208,209,Ad eius dolor ab dolorem qui iste voluptatem. Explicabo labore pariatur error corporis tempore cumque.,1981-10-28 19:44:29.000000,True,Matthew,Johnson,jennifer45@becker.com,True,True,1971-11-14 16:22:54.000000,operry
209,210,Magnam adipisci tempora maxime illum culpa aperiam earum.,2017-03-29 04:12:14.000000,False,Jill,Rivera,longchase@farmer.com,True,False,1971-02-02 03:24:31.000000,uneal
210,211,Ipsa autem officiis ex. Eligendi unde quia qui reiciendis molestias. Consequatur cum incidunt aliquid deleniti.,1986-03-17 13:29:45.000000,False,Zachary,Blackwell,ejohnson@gmail.com,True,False,1990-03-31 00:09:28.000000,sierra33
211,212,Repellat libero aut.,2013-11-19 15:26:46.000000,True,Sean,Curtis,nfoster@perez.info,False,True,1996-12-20 09:16:49.000000,uharris
212,213,Libero distinctio suscipit quas ipsa. Occaecati rem ipsa unde. Voluptatum rerum harum exercitationem magnam ducimus voluptate.,1991-12-18 04:51:29.000000,False,Anthony,Sheppard,sandra35@gmail.com,False,False,2012-12-31 11:43:42.000000,bcarson
213,214,Fugit est itaque nostrum. Vitae placeat commodi dolore molestiae occaecati ullam. Vitae voluptatum aspernatur.,2001-06-19 15:21:12.000000,True,Christopher,James,melinda06@patel.com,True,True,1981-10-07 07:53:26.000000,markthompson
214,215,Quisquam architecto sint harum iste fugiat quam. Dolorem est dolorum est at. Iure autem porro enim.,1982-10-31 07:41:26.000000,True,Debra,Ryan,qwells@hotmail.com,False,False,1976-03-11 08:51:07.000000,scottmiller
215,216,Itaque suscipit quasi soluta maxime. Non accusantium excepturi magnam voluptate. Ad expedita dolore ratione esse.,1996-04-09 07:37:50.000000,True,Lisa,Dennis,erindavis@gmail.com,False,True,1999-07-06 00:17:33.000000,mary69
216,217,Nulla ad repellendus quas. Fugiat nisi tempore laudantium illo. A est molestiae nemo consequatur facere aut.,1993-02-14 17:28:05.000000,True,William,Boyd,kimberlyaguirre@miller-gray.com,False,False,1979-12-15 22:27:04.000000,hector47
217,218,Reiciendis quo officiis aperiam blanditiis libero. Unde deleniti ut nesciunt odio. Praesentium nam laborum a.,2009-12-19 02:29:12.000000,True,Nicole,Massey,youngcourtney@yahoo.com,False,True,1977-12-06 08:12:40.000000,thomasmerritt
218,219,Minus doloribus similique minima provident optio explicabo. Consequatur temporibus amet consequatur debitis.,2002-09-04 03:02:11.000000,True,Marc,Bowen,hendersonmarie@gmail.com,True,False,1970-09-05 13:16:06.000000,ppeters
219,220,Eius voluptates labore veritatis atque blanditiis quas. Cumque atque expedita aut possimus rerum.,2012-03-15 20:24:24.000000,False,Kimberly,Nichols,hinesrobert@scott.net,False,True,1989-03-09 02:48:51.000000,sharon56
220,221,Saepe reprehenderit pariatur vitae expedita alias.,2010-12-24 22:59:26.000000,False,Jacqueline,Daniels,fstevenson@chen-edwards.com,False,True,2008-09-04 10:54:24.000000,ysingleton
